log,task,anchor,problem_type,samples,ran_end_to_end,metric_name,metric_mean,metric_sd,baseline_mean,folds,participant,obm_activity
Healthcare,NE-NEPr,CollaborationCase,Multiclass classification,1350,True,f1_macro,0.6306518397358654,0.038386127460611236,0.006896551724137931,5,,
Healthcare,NE-NPaA,Participant,Multiclass classification,1350,True,f1_macro,0.8193079517816875,0.03285857654642488,0.17073170731707318,5,,
Healthcare,NE-NEPa,Participant,Multiclass classification,1350,True,f1_macro,0.6306518397358654,0.038386127460611236,0.006896551724137931,5,,
Healthcare,NE-NPaM,Participant,Multiclass classification,1250,True,f1_macro,0.9542593323565812,0.01041095565365236,0.24787140698925775,5,,
Healthcare,NE-NMPa,ParticipantProjection,Multiclass classification,1068,True,f1_macro,0.8671945656605381,0.0255976931440796,0.08105177810246829,5,Gynecologist,
Healthcare,NE-NMPr,CollaborationCase,Multiclass classification,1350,True,f1_macro,0.6811441678259905,0.037515520864822786,0.022628291336380665,5,,
Healthcare,NV-PrT,CollaborationCase,Regression (time),1350,True,mae,15.33314161430495,1.2174675412863676,17.312128148148147,5,,
Healthcare,NV-PaT,ParticipantProjection,Regression (time),1350,True,mae,9.178627142561192,1.076355065755389,12.90978518518519,5,Gynecologist,
Healthcare,NV-TNE,CollaborationCase,Regression (time),1350,True,mae,1.9515370440410416,0.060565351316898226,1.8763096296296298,5,,
Healthcare,NV-TNM,Message,Regression (time),1250,True,mae,3.2811307659170756,0.34053589697060815,4.269472,5,,
Healthcare,NV-NMPr,Message,Count regression,1350,True,mae,1.1889968342611978,0.04805211771608131,1.5644444444444443,5,,
Healthcare,NV-NMPa,Message,Count regression,1350,True,mae,0.8043238033727004,0.02927257380195855,1.1548148148148147,5,Gynecologist,
Healthcare,OB-P,ParticipantProjection,Binary classification,1350,True,f1_macro,0.8965355660726851,0.024335115307320448,0.44166769590951843,5,Gynecologist,
Healthcare,OB-M,Message,Binary classification,1350,True,f1_macro,1.0,0.0,1.0,5,,Communicate disease
Artificial1,NE-NEPr,CollaborationCase,Multiclass classification,700,True,f1_macro,0.5087742922395597,0.025627710302012968,0.03125,5,,
Artificial1,NE-NPaA,Participant,Multiclass classification,700,True,f1_macro,0.7435375599276826,0.018341973947980993,0.339569571644256,5,,
Artificial1,NE-NEPa,Participant,Multiclass classification,700,True,f1_macro,0.5087742922395597,0.025627710302012933,0.03125,5,,
Artificial1,NE-NPaM,Participant,Multiclass classification,329,True,f1_macro,1.0,0.0,1.0,5,,
Artificial1,NE-NMPa,ParticipantProjection,Multiclass classification,549,True,f1_macro,0.637546673378249,0.03800066838829098,0.33869349629679235,5,PartyA,
Artificial1,NE-NMPr,CollaborationCase,Multiclass classification,549,True,f1_macro,0.571590909155903,0.021896676125345682,0.10670752944360515,5,,
Artificial1,NV-PrT,CollaborationCase,Regression (time),700,True,mae,4.573574147955712,0.41216832337375564,8.586565714285715,5,,
Artificial1,NV-PaT,ParticipantProjection,Regression (time),700,True,mae,4.55894623824898,0.4364288824586645,8.565135714285713,5,PartyA,
Artificial1,NV-TNE,CollaborationCase,Regression (time),700,True,mae,2.145769670259532,0.04399817863654321,2.155131428571429,5,,
Artificial1,NV-TNM,Message,Regression (time),329,True,mae,2.2993211434545175,0.18465642684868772,2.531965920745921,5,,
Artificial1,NV-NMPr,Message,Count regression,700,True,mae,0.009778571428571428,0.005375558822398023,0.7342857142857142,5,,
Artificial1,NV-NMPa,Message,Count regression,700,True,mae,0.0,0.0,0.0,5,PartyA,
Artificial1,OB-P,ParticipantProjection,Binary classification,700,True,f1_macro,0.5213037697366756,0.05622622679354684,0.49530681225623197,5,PartyA,
Artificial1,OB-M,Message,Binary classification,700,True,f1_macro,0.9122035770199783,0.011818990774606764,0.3937451238730011,5,,Activity CZ
Artificial5,NE-NEPr,CollaborationCase,Multiclass classification,2260,True,f1_macro,0.3703027148334009,0.012573448313840767,0.003026634382566586,5,,
Artificial5,NE-NPaA,Participant,Multiclass classification,2260,True,f1_macro,0.5257794046740536,0.03630566798240729,0.17750789872409373,5,,
Artificial5,NE-NEPa,Participant,Multiclass classification,2260,True,f1_macro,0.3700126469595889,0.0129627337849365,0.003026634382566586,5,,
Artificial5,NE-NPaM,Participant,Multiclass classification,1661,True,f1_macro,0.6298732556460646,0.025441992320348786,0.22893934985090528,5,,
Artificial5,NE-NMPa,ParticipantProjection,Multiclass classification,2018,True,f1_macro,0.8290834518412156,0.007173433913998004,0.08251883847062243,5,PartyB,
Artificial5,NE-NMPr,CollaborationCase,Multiclass classification,2068,True,f1_macro,0.6328947187838405,0.027999591659955816,0.020988211964413327,5,,
Artificial5,NV-PrT,CollaborationCase,Regression (time),2260,True,mae,11.351797015897997,1.6065950744487194,33.56038407079646,5,,
Artificial5,NV-PaT,ParticipantProjection,Regression (time),2260,True,mae,10.742080979809774,1.4449830969770432,33.493553539823004,5,PartyB,
Artificial5,NV-TNE,CollaborationCase,Regression (time),2260,True,mae,2.8877666291624555,0.11421527678771107,2.858148672566372,5,,
Artificial5,NV-TNM,Message,Regression (time),1661,True,mae,8.83187356434674,0.42854661563450186,9.514767308344997,5,,
Artificial5,NV-NMPr,Message,Count regression,2260,True,mae,0.4102190914948842,0.01199230809330772,1.4048672566371683,5,,
Artificial5,NV-NMPa,Message,Count regression,2260,True,mae,0.43847024966462217,0.01449774189524901,0.8048672566371682,5,PartyB,
Artificial5,OB-P,ParticipantProjection,Binary classification,2260,True,f1_macro,0.9515485596947414,0.0420307102436489,0.4968782133746677,5,PartyB,
Artificial5,OB-M,Message,Binary classification,2260,True,f1_macro,1.0,0.0,0.4940608544269865,5,,Activity AA
Real4,NE-NEPr,CollaborationCase,Multiclass classification,1700,True,f1_macro,0.645539240747722,0.01388579386468165,0.006172839506172839,5,,
Real4,NE-NPaA,Participant,Multiclass classification,1700,True,f1_macro,0.8564953328228878,0.005269459614157011,0.23076923076923075,5,,
Real4,NE-NEPa,Participant,Multiclass classification,1700,True,f1_macro,0.645539240747722,0.01388579386468165,0.006172839506172839,5,,
Real4,NE-NPaM,Participant,Multiclass classification,1499,True,f1_macro,1.0,0.0,0.2552407547505862,5,,
Real4,NE-NMPa,ParticipantProjection,Multiclass classification,1499,True,f1_macro,1.0,0.0,0.1379111791579229,5,Zoo,
Real4,NE-NMPr,CollaborationCase,Multiclass classification,1600,True,f1_macro,0.9979738476365357,0.0025659498000156706,0.06574749669947269,5,,
Real4,NV-PrT,CollaborationCase,Regression (time),1700,True,mae,7.591735996843707,0.7858374083725799,19.395287647058822,5,,
Real4,NV-PaT,ParticipantProjection,Regression (time),1700,True,mae,6.74164793490719,0.5484484226806905,18.973931764705885,5,Zoo,
Real4,NV-TNE,CollaborationCase,Regression (time),1700,True,mae,2.291871816238053,0.0622972752816705,2.131434705882353,5,,
Real4,NV-TNM,Message,Regression (time),1499,True,mae,4.653348595295055,0.5081031452556355,8.170685676700112,5,,
Real4,NV-NMPr,Message,Count regression,1700,True,mae,0.0,0.0,0.9423529411764706,5,,
Real4,NV-NMPa,Message,Count regression,1700,True,mae,0.0,0.0,0.5800000000000001,5,Zoo,
Real4,OB-P,ParticipantProjection,Binary classification,1700,True,f1_macro,0.9985984871905851,0.0028030256188297468,0.46875,5,Zoo,
Real4,OB-M,Message,Binary classification,1700,True,f1_macro,1.0,0.0,0.46875,5,,Send information to the ZooClub department
